what,kind,bundleId,bundleVersion,description,time
activated,editor,org.eclipse.jdt.ui,3.7.1.r371_v20110824-0800,"org.eclipse.jdt.ui.CompilationUnitEditor",1321468033284
activated,editor,org.eclipse.jdt.ui,3.7.1.r371_v20110824-0800,"org.eclipse.jdt.ui.CompilationUnitEditor",1321468035031
deactivated,workbench,org.eclipse.ui.workbench,3.7.0.I20110519-0100,"",1321468044157
activated,workbench,org.eclipse.ui.workbench,3.7.0.I20110519-0100,"",1321468045062
deactivated,workbench,org.eclipse.ui.workbench,3.7.0.I20110519-0100,"",1321468046982
activated,workbench,org.eclipse.ui.workbench,3.7.0.I20110519-0100,"",1321468054026
deactivated,workbench,org.eclipse.ui.workbench,3.7.0.I20110519-0100,"",1321468059346
activated,workbench,org.eclipse.ui.workbench,3.7.0.I20110519-0100,"",1321468060501
deactivated,workbench,org.eclipse.ui.workbench,3.7.0.I20110519-0100,"",1321468062483
activated,workbench,org.eclipse.ui.workbench,3.7.0.I20110519-0100,"",1321468066829
activated,editor,org.eclipse.jdt.ui,3.7.1.r371_v20110824-0800,"org.eclipse.jdt.ui.CompilationUnitEditor",1321468069030
deactivated,workbench,org.eclipse.ui.workbench,3.7.0.I20110519-0100,"",1321468082992
activated,workbench,org.eclipse.ui.workbench,3.7.0.I20110519-0100,"",1321468084084
deactivated,workbench,org.eclipse.ui.workbench,3.7.0.I20110519-0100,"",1321468086425
activated,workbench,org.eclipse.ui.workbench,3.7.0.I20110519-0100,"",1321468088521
deactivated,workbench,org.eclipse.ui.workbench,3.7.0.I20110519-0100,"",1321468115011
activated,workbench,org.eclipse.ui.workbench,3.7.0.I20110519-0100,"",1321468116041
deactivated,workbench,org.eclipse.ui.workbench,3.7.0.I20110519-0100,"",1321468117929
activated,workbench,org.eclipse.ui.workbench,3.7.0.I20110519-0100,"",1321468121291
activated,editor,org.eclipse.jdt.ui,3.7.1.r371_v20110824-0800,"org.eclipse.jdt.ui.CompilationUnitEditor",1321468126175
deactivated,workbench,org.eclipse.ui.workbench,3.7.0.I20110519-0100,"",1321468132899
activated,workbench,org.eclipse.ui.workbench,3.7.0.I20110519-0100,"",1321468134022
deactivated,workbench,org.eclipse.ui.workbench,3.7.0.I20110519-0100,"",1321468135926
activated,workbench,org.eclipse.ui.workbench,3.7.0.I20110519-0100,"",1321468137514
deactivated,workbench,org.eclipse.ui.workbench,3.7.0.I20110519-0100,"",1321468211101
activated,workbench,org.eclipse.ui.workbench,3.7.0.I20110519-0100,"",1321468212786
deactivated,workbench,org.eclipse.ui.workbench,3.7.0.I20110519-0100,"",1321468214783
activated,workbench,org.eclipse.ui.workbench,3.7.0.I20110519-0100,"",1321468216987
activated,editor,org.eclipse.jdt.ui,3.7.1.r371_v20110824-0800,"org.eclipse.jdt.ui.CompilationUnitEditor",1321468218501
deactivated,workbench,org.eclipse.ui.workbench,3.7.0.I20110519-0100,"",1321468225396
activated,workbench,org.eclipse.ui.workbench,3.7.0.I20110519-0100,"",1321468226176
deactivated,workbench,org.eclipse.ui.workbench,3.7.0.I20110519-0100,"",1321468228173
activated,workbench,org.eclipse.ui.workbench,3.7.0.I20110519-0100,"",1321468230427
deactivated,workbench,org.eclipse.ui.workbench,3.7.0.I20110519-0100,"",1321468244562
activated,workbench,org.eclipse.ui.workbench,3.7.0.I20110519-0100,"",1321468246060
deactivated,workbench,org.eclipse.ui.workbench,3.7.0.I20110519-0100,"",1321468247963
activated,workbench,org.eclipse.ui.workbench,3.7.0.I20110519-0100,"",1321468249515
activated,editor,org.eclipse.jdt.ui,3.7.1.r371_v20110824-0800,"org.eclipse.jdt.ui.CompilationUnitEditor",1321468252184
activated,editor,org.eclipse.jdt.ui,3.7.1.r371_v20110824-0800,"org.eclipse.jdt.ui.CompilationUnitEditor",1321468256458
deactivated,workbench,org.eclipse.ui.workbench,3.7.0.I20110519-0100,"",1321468258065
activated,workbench,org.eclipse.ui.workbench,3.7.0.I20110519-0100,"",1321468258970
deactivated,workbench,org.eclipse.ui.workbench,3.7.0.I20110519-0100,"",1321468261045
activated,workbench,org.eclipse.ui.workbench,3.7.0.I20110519-0100,"",1321468262606
deactivated,workbench,org.eclipse.ui.workbench,3.7.0.I20110519-0100,"",1321468271733
activated,workbench,org.eclipse.ui.workbench,3.7.0.I20110519-0100,"",1321468272559
deactivated,workbench,org.eclipse.ui.workbench,3.7.0.I20110519-0100,"",1321468274682
activated,workbench,org.eclipse.ui.workbench,3.7.0.I20110519-0100,"",1321468284496
deactivated,workbench,org.eclipse.ui.workbench,3.7.0.I20110519-0100,"",1321468435849
activated,workbench,org.eclipse.ui.workbench,3.7.0.I20110519-0100,"",1321468436644
deactivated,workbench,org.eclipse.ui.workbench,3.7.0.I20110519-0100,"",1321468439314
activated,workbench,org.eclipse.ui.workbench,3.7.0.I20110519-0100,"",1321468443605
deactivated,workbench,org.eclipse.ui.workbench,3.7.0.I20110519-0100,"",1321468449643
activated,workbench,org.eclipse.ui.workbench,3.7.0.I20110519-0100,"",1321468450782
deactivated,workbench,org.eclipse.ui.workbench,3.7.0.I20110519-0100,"",1321468452733
activated,workbench,org.eclipse.ui.workbench,3.7.0.I20110519-0100,"",1321468454757
deactivated,workbench,org.eclipse.ui.workbench,3.7.0.I20110519-0100,"",1321468480670
activated,workbench,org.eclipse.ui.workbench,3.7.0.I20110519-0100,"",1321468482230
deactivated,workbench,org.eclipse.ui.workbench,3.7.0.I20110519-0100,"",1321468484134
activated,workbench,org.eclipse.ui.workbench,3.7.0.I20110519-0100,"",1321468487793
deactivated,workbench,org.eclipse.ui.workbench,3.7.0.I20110519-0100,"",1321468491101
activated,workbench,org.eclipse.ui.workbench,3.7.0.I20110519-0100,"",1321468492412
deactivated,workbench,org.eclipse.ui.workbench,3.7.0.I20110519-0100,"",1321468494299
activated,workbench,org.eclipse.ui.workbench,3.7.0.I20110519-0100,"",1321468496952
deactivated,workbench,org.eclipse.ui.workbench,3.7.0.I20110519-0100,"",1321468504285
activated,workbench,org.eclipse.ui.workbench,3.7.0.I20110519-0100,"",1321468505143
deactivated,workbench,org.eclipse.ui.workbench,3.7.0.I20110519-0100,"",1321468507109
activated,workbench,org.eclipse.ui.workbench,3.7.0.I20110519-0100,"",1321468509034
activated,editor,org.eclipse.jdt.ui,3.7.1.r371_v20110824-0800,"org.eclipse.jdt.ui.CompilationUnitEditor",1321468518473
executed,command,org.eclipse.ui,3.7.0.I20110602-0100,"org.eclipse.ui.edit.delete",1321468521094
activated,editor,org.eclipse.jdt.ui,3.7.1.r371_v20110824-0800,"org.eclipse.jdt.ui.CompilationUnitEditor",1321468526351
deactivated,workbench,org.eclipse.ui.workbench,3.7.0.I20110519-0100,"",1321468589468
activated,workbench,org.eclipse.ui.workbench,3.7.0.I20110519-0100,"",1321468590451
deactivated,workbench,org.eclipse.ui.workbench,3.7.0.I20110519-0100,"",1321468593167
activated,workbench,org.eclipse.ui.workbench,3.7.0.I20110519-0100,"",1321468600055
deactivated,workbench,org.eclipse.ui.workbench,3.7.0.I20110519-0100,"",1321468607471
activated,workbench,org.eclipse.ui.workbench,3.7.0.I20110519-0100,"",1321468608422
deactivated,workbench,org.eclipse.ui.workbench,3.7.0.I20110519-0100,"",1321468610326
activated,workbench,org.eclipse.ui.workbench,3.7.0.I20110519-0100,"",1321468613540
deactivated,workbench,org.eclipse.ui.workbench,3.7.0.I20110519-0100,"",1321468621325
activated,workbench,org.eclipse.ui.workbench,3.7.0.I20110519-0100,"",1321468622324
deactivated,workbench,org.eclipse.ui.workbench,3.7.0.I20110519-0100,"",1321468624275
activated,workbench,org.eclipse.ui.workbench,3.7.0.I20110519-0100,"",1321468648251
deactivated,workbench,org.eclipse.ui.workbench,3.7.0.I20110519-0100,"",1321468688266
activated,workbench,org.eclipse.ui.workbench,3.7.0.I20110519-0100,"",1321468689280
deactivated,workbench,org.eclipse.ui.workbench,3.7.0.I20110519-0100,"",1321468691105
activated,workbench,org.eclipse.ui.workbench,3.7.0.I20110519-0100,"",1321468694962
executed,command,org.eclipse.ui,3.7.0.I20110602-0100,"org.eclipse.ui.edit.delete",1321468708098
deactivated,workbench,org.eclipse.ui.workbench,3.7.0.I20110519-0100,"",1321468710345
activated,workbench,org.eclipse.ui.workbench,3.7.0.I20110519-0100,"",1321468711312
deactivated,workbench,org.eclipse.ui.workbench,3.7.0.I20110519-0100,"",1321468713637
activated,workbench,org.eclipse.ui.workbench,3.7.0.I20110519-0100,"",1321468716162
deactivated,workbench,org.eclipse.ui.workbench,3.7.0.I20110519-0100,"",1321468726007
activated,workbench,org.eclipse.ui.workbench,3.7.0.I20110519-0100,"",1321468727208
deactivated,workbench,org.eclipse.ui.workbench,3.7.0.I20110519-0100,"",1321468729080
activated,workbench,org.eclipse.ui.workbench,3.7.0.I20110519-0100,"",1321468731115
deactivated,workbench,org.eclipse.ui.workbench,3.7.0.I20110519-0100,"",1321468736264
activated,workbench,org.eclipse.ui.workbench,3.7.0.I20110519-0100,"",1321468737403
deactivated,workbench,org.eclipse.ui.workbench,3.7.0.I20110519-0100,"",1321468739259
activated,workbench,org.eclipse.ui.workbench,3.7.0.I20110519-0100,"",1321468764343
activated,editor,org.eclipse.jdt.ui,3.7.1.r371_v20110824-0800,"org.eclipse.jdt.ui.CompilationUnitEditor",1321468770490
activated,editor,org.eclipse.jdt.ui,3.7.1.r371_v20110824-0800,"org.eclipse.jdt.ui.CompilationUnitEditor",1321468771504
activated,editor,org.eclipse.jdt.ui,3.7.1.r371_v20110824-0800,"org.eclipse.jdt.ui.CompilationUnitEditor",1321468775966
activated,editor,org.eclipse.jdt.ui,3.7.1.r371_v20110824-0800,"org.eclipse.jdt.ui.CompilationUnitEditor",1321468805684
activated,editor,org.eclipse.jdt.ui,3.7.1.r371_v20110824-0800,"org.eclipse.jdt.ui.CompilationUnitEditor",1321468807057
activated,editor,org.eclipse.jdt.ui,3.7.1.r371_v20110824-0800,"org.eclipse.jdt.ui.CompilationUnitEditor",1321468814373
activated,editor,org.eclipse.jdt.ui,3.7.1.r371_v20110824-0800,"org.eclipse.jdt.ui.CompilationUnitEditor",1321468821159
executed,command,org.eclipse.ui,3.7.0.I20110602-0100,"org.eclipse.ui.file.save",1321468837976
activated,editor,org.eclipse.jdt.ui,3.7.1.r371_v20110824-0800,"org.eclipse.jdt.ui.CompilationUnitEditor",1321468839458
executed,command,org.eclipse.ui,3.7.0.I20110602-0100,"org.eclipse.ui.file.saveAll",1321468841533
activated,editor,org.eclipse.jdt.ui,3.7.1.r371_v20110824-0800,"org.eclipse.jdt.ui.CompilationUnitEditor",1321468850643
activated,editor,org.eclipse.jdt.ui,3.7.1.r371_v20110824-0800,"org.eclipse.jdt.ui.CompilationUnitEditor",1321468857039
activated,editor,org.eclipse.jdt.ui,3.7.1.r371_v20110824-0800,"org.eclipse.jdt.ui.CompilationUnitEditor",1321468866633
activated,editor,org.eclipse.jdt.ui,3.7.1.r371_v20110824-0800,"org.eclipse.jdt.ui.CompilationUnitEditor",1321468872124
executed,command,org.eclipse.ui,3.7.0.I20110602-0100,"org.eclipse.ui.file.save",1321469037656
deactivated,workbench,org.eclipse.ui.workbench,3.7.0.I20110519-0100,"",1321469041042
activated,workbench,org.eclipse.ui.workbench,3.7.0.I20110519-0100,"",1321469043553
activated,editor,org.eclipse.jdt.ui,3.7.1.r371_v20110824-0800,"org.eclipse.jdt.ui.CompilationUnitEditor",1321469115890
executed,command,org.eclipse.ui,3.7.0.I20110602-0100,"org.eclipse.ui.edit.delete",1321469131756
executed,command,org.eclipse.ui,3.7.0.I20110602-0100,"org.eclipse.ui.file.save",1321469134673
activated,editor,org.eclipse.jdt.ui,3.7.1.r371_v20110824-0800,"org.eclipse.jdt.ui.CompilationUnitEditor",1321469147044
activated,editor,org.eclipse.jdt.ui,3.7.1.r371_v20110824-0800,"org.eclipse.jdt.ui.CompilationUnitEditor",1321469149477
activated,view,org.eclipse.jdt.ui,3.7.1.r371_v20110824-0800,"org.eclipse.jdt.ui.PackageExplorer",1321469213500
opened,editor,org.eclipse.jdt.ui,3.7.1.r371_v20110824-0800,"org.eclipse.jdt.ui.CompilationUnitEditor",1321469213999
activated,editor,org.eclipse.jdt.ui,3.7.1.r371_v20110824-0800,"org.eclipse.jdt.ui.CompilationUnitEditor",1321469214358
activated,editor,org.eclipse.jdt.ui,3.7.1.r371_v20110824-0800,"org.eclipse.jdt.ui.CompilationUnitEditor",1321469242781
closed,editor,org.eclipse.jdt.ui,3.7.1.r371_v20110824-0800,"org.eclipse.jdt.ui.CompilationUnitEditor",1321469242781
deactivated,workbench,org.eclipse.ui.workbench,3.7.0.I20110519-0100,"",1321469493552
activated,workbench,org.eclipse.ui.workbench,3.7.0.I20110519-0100,"",1321469495283
activated,editor,org.eclipse.jdt.ui,3.7.1.r371_v20110824-0800,"org.eclipse.jdt.ui.CompilationUnitEditor",1321469497311
executed,command,org.eclipse.ui,3.7.0.I20110602-0100,"org.eclipse.ui.file.saveAll",1321469519042
activated,editor,org.eclipse.jdt.ui,3.7.1.r371_v20110824-0800,"org.eclipse.jdt.ui.CompilationUnitEditor",1321469524081
deactivated,workbench,org.eclipse.ui.workbench,3.7.0.I20110519-0100,"",1321469529666
activated,workbench,org.eclipse.ui.workbench,3.7.0.I20110519-0100,"",1321469531366
activated,view,org.eclipse.ui.console,3.5.100.v20110511,"org.eclipse.ui.console.ConsoleView",1321469533832
deactivated,workbench,org.eclipse.ui.workbench,3.7.0.I20110519-0100,"",1321469533863
activated,workbench,org.eclipse.ui.workbench,3.7.0.I20110519-0100,"",1321469536389
activated,editor,org.eclipse.jdt.ui,3.7.1.r371_v20110824-0800,"org.eclipse.jdt.ui.CompilationUnitEditor",1321469537824
deactivated,workbench,org.eclipse.ui.workbench,3.7.0.I20110519-0100,"",1321469546872
activated,workbench,org.eclipse.ui.workbench,3.7.0.I20110519-0100,"",1321469548604
activated,view,org.eclipse.ui.console,3.5.100.v20110511,"org.eclipse.ui.console.ConsoleView",1321469550586
deactivated,workbench,org.eclipse.ui.workbench,3.7.0.I20110519-0100,"",1321469550618
activated,workbench,org.eclipse.ui.workbench,3.7.0.I20110519-0100,"",1321469554286
activated,editor,org.eclipse.jdt.ui,3.7.1.r371_v20110824-0800,"org.eclipse.jdt.ui.CompilationUnitEditor",1321469558795
executed,command,org.eclipse.ui,3.7.0.I20110602-0100,"org.eclipse.ui.edit.delete",1321469560449
deactivated,workbench,org.eclipse.ui.workbench,3.7.0.I20110519-0100,"",1321469564754
activated,workbench,org.eclipse.ui.workbench,3.7.0.I20110519-0100,"",1321469565940
activated,view,org.eclipse.ui.console,3.5.100.v20110511,"org.eclipse.ui.console.ConsoleView",1321469568000
deactivated,workbench,org.eclipse.ui.workbench,3.7.0.I20110519-0100,"",1321469568031
activated,workbench,org.eclipse.ui.workbench,3.7.0.I20110519-0100,"",1321469573857
deactivated,workbench,org.eclipse.ui.workbench,3.7.0.I20110519-0100,"",1321469612811
activated,workbench,org.eclipse.ui.workbench,3.7.0.I20110519-0100,"",1321495254911
activated,editor,org.eclipse.jdt.ui,3.7.1.r371_v20110824-0800,"org.eclipse.jdt.ui.CompilationUnitEditor",1321495272701
opened,view,org.eclipse.ui.ide,3.7.0.v20110809-1737,"org.eclipse.ui.views.ProgressView",1321495301363
activated,view,org.eclipse.ui.ide,3.7.0.v20110809-1737,"org.eclipse.ui.views.ProgressView",1321495307727
activated,editor,org.eclipse.jdt.ui,3.7.1.r371_v20110824-0800,"org.eclipse.jdt.ui.CompilationUnitEditor",1321495310207
deactivated,workbench,org.eclipse.ui.workbench,3.7.0.I20110519-0100,"",1321495318218
activated,workbench,org.eclipse.ui.workbench,3.7.0.I20110519-0100,"",1321495367631
activated,view,org.eclipse.ui.console,3.5.100.v20110511,"org.eclipse.ui.console.ConsoleView",1321495367920
activated,editor,org.eclipse.jdt.ui,3.7.1.r371_v20110824-0800,"org.eclipse.jdt.ui.CompilationUnitEditor",1321495490041
deactivated,workbench,org.eclipse.ui.workbench,3.7.0.I20110519-0100,"",1321495565742
activated,workbench,org.eclipse.ui.workbench,3.7.0.I20110519-0100,"",1321495625397
deactivated,workbench,org.eclipse.ui.workbench,3.7.0.I20110519-0100,"",1321495651152
activated,workbench,org.eclipse.ui.workbench,3.7.0.I20110519-0100,"",1321495674376
activated,view,org.eclipse.ui.console,3.5.100.v20110511,"org.eclipse.ui.console.ConsoleView",1321495674860
activated,editor,org.eclipse.jdt.ui,3.7.1.r371_v20110824-0800,"org.eclipse.jdt.ui.CompilationUnitEditor",1321495739398
deactivated,workbench,org.eclipse.ui.workbench,3.7.0.I20110519-0100,"",1321495758852
activated,workbench,org.eclipse.ui.workbench,3.7.0.I20110519-0100,"",1321495768087
deactivated,workbench,org.eclipse.ui.workbench,3.7.0.I20110519-0100,"",1321495813920
activated,workbench,org.eclipse.ui.workbench,3.7.0.I20110519-0100,"",1321495817102
deactivated,workbench,org.eclipse.ui.workbench,3.7.0.I20110519-0100,"",1321495820519
activated,workbench,org.eclipse.ui.workbench,3.7.0.I20110519-0100,"",1321495830705
executed,command,org.eclipse.ui,3.7.0.I20110602-0100,"org.eclipse.ui.file.save",1321495830768
activated,view,org.eclipse.ui.console,3.5.100.v20110511,"org.eclipse.ui.console.ConsoleView",1321496204509
deactivated,workbench,org.eclipse.ui.workbench,3.7.0.I20110519-0100,"",1321496205102
activated,workbench,org.eclipse.ui.workbench,3.7.0.I20110519-0100,"",1321496415545
deactivated,workbench,org.eclipse.ui.workbench,3.7.0.I20110519-0100,"",1321496473237
activated,workbench,org.eclipse.ui.workbench,3.7.0.I20110519-0100,"",1321496477309
activated,view,org.eclipse.jdt.ui,3.7.1.r371_v20110824-0800,"org.eclipse.jdt.ui.PackageExplorer",1321496482661
activated,editor,org.eclipse.jdt.ui,3.7.1.r371_v20110824-0800,"org.eclipse.jdt.ui.CompilationUnitEditor",1321496489135
activated,view,org.eclipse.jdt.ui,3.7.1.r371_v20110824-0800,"org.eclipse.jdt.ui.PackageExplorer",1321496493581
activated,editor,org.eclipse.jdt.ui,3.7.1.r371_v20110824-0800,"org.eclipse.jdt.ui.CompilationUnitEditor",1321496502442
activated,view,org.eclipse.jdt.ui,3.7.1.r371_v20110824-0800,"org.eclipse.jdt.ui.PackageExplorer",1321496505016
opened,editor,org.eclipse.jdt.ui,3.7.1.r371_v20110824-0800,"org.eclipse.jdt.ui.CompilationUnitEditor",1321496518993
activated,editor,org.eclipse.jdt.ui,3.7.1.r371_v20110824-0800,"org.eclipse.jdt.ui.CompilationUnitEditor",1321496520444
deactivated,workbench,org.eclipse.ui.workbench,3.7.0.I20110519-0100,"",1321497288825
activated,workbench,org.eclipse.ui.workbench,3.7.0.I20110519-0100,"",1321497584932
activated,editor,org.eclipse.jdt.ui,3.7.1.r371_v20110824-0800,"org.eclipse.jdt.ui.CompilationUnitEditor",1321497957837
deactivated,workbench,org.eclipse.ui.workbench,3.7.0.I20110519-0100,"",1321498002813
activated,workbench,org.eclipse.ui.workbench,3.7.0.I20110519-0100,"",1321498071226
activated,editor,org.eclipse.jdt.ui,3.7.1.r371_v20110824-0800,"org.eclipse.jdt.ui.CompilationUnitEditor",1321498074481
deactivated,workbench,org.eclipse.ui.workbench,3.7.0.I20110519-0100,"",1321498118304
activated,workbench,org.eclipse.ui.workbench,3.7.0.I20110519-0100,"",1321498118570
deactivated,workbench,org.eclipse.ui.workbench,3.7.0.I20110519-0100,"",1321498121022
activated,workbench,org.eclipse.ui.workbench,3.7.0.I20110519-0100,"",1321498124815
deactivated,workbench,org.eclipse.ui.workbench,3.7.0.I20110519-0100,"",1321498129125
activated,workbench,org.eclipse.ui.workbench,3.7.0.I20110519-0100,"",1321498130796
deactivated,workbench,org.eclipse.ui.workbench,3.7.0.I20110519-0100,"",1321498130874
activated,workbench,org.eclipse.ui.workbench,3.7.0.I20110519-0100,"",1321498507213
deactivated,workbench,org.eclipse.ui.workbench,3.7.0.I20110519-0100,"",1321498510775
activated,workbench,org.eclipse.ui.workbench,3.7.0.I20110519-0100,"",1321498544104
deactivated,workbench,org.eclipse.ui.workbench,3.7.0.I20110519-0100,"",1321498549315
activated,workbench,org.eclipse.ui.workbench,3.7.0.I20110519-0100,"",1321501950379
deactivated,workbench,org.eclipse.ui.workbench,3.7.0.I20110519-0100,"",1321537316570
activated,workbench,org.eclipse.ui.workbench,3.7.0.I20110519-0100,"",1321537324385
deactivated,workbench,org.eclipse.ui.workbench,3.7.0.I20110519-0100,"",1321537338782
activated,workbench,org.eclipse.ui.workbench,3.7.0.I20110519-0100,"",1321537339866
deactivated,workbench,org.eclipse.ui.workbench,3.7.0.I20110519-0100,"",1321537340350
activated,workbench,org.eclipse.ui.workbench,3.7.0.I20110519-0100,"",1321537343756
deactivated,workbench,org.eclipse.ui.workbench,3.7.0.I20110519-0100,"",1321537348288
activated,workbench,org.eclipse.ui.workbench,3.7.0.I20110519-0100,"",1321537350181
closed,workbench,org.eclipse.ui.workbench,3.7.0.I20110519-0100,"",1321537362975
stopped,bundle,org.eclipse.m2e.logback.configuration,1.0.100.20110804-1717,"org.eclipse.m2e.logback.configuration",1321537379016
stopped,bundle,org.eclipse.m2e.discovery,1.0.100.20110804-1717,"org.eclipse.m2e.discovery",1321537379132
stopped,bundle,org.eclipse.m2e.refactoring,1.0.100.20110804-1717,"org.eclipse.m2e.refactoring",1321537379183
stopped,bundle,org.eclipse.m2e.editor,1.0.100.20110804-1717,"org.eclipse.m2e.editor",1321537379385
stopped,bundle,org.eclipse.m2e.editor.xml,1.0.100.20110804-1717,"org.eclipse.m2e.editor.xml",1321537379511
stopped,bundle,org.eclipse.m2e.jdt,1.0.100.20110804-1717,"org.eclipse.m2e.jdt",1321537379649
stopped,bundle,org.eclipse.m2e.launching,1.0.100.20110804-1717,"org.eclipse.m2e.launching",1321537379649
stopped,bundle,org.eclipse.m2e.usagedata,1.0.100.20110804-1717,"org.eclipse.m2e.usagedata",1321537379649
stopped,bundle,org.eclipse.ui.cheatsheets,3.4.100.v20110425,"org.eclipse.ui.cheatsheets",1321537379745
stopped,bundle,org.eclipse.help.ui,3.5.101.r37_20110819,"org.eclipse.help.ui",1321537379920
stopped,bundle,org.eclipse.help.webapp,3.6.0.v20110518,"org.eclipse.help.webapp",1321537380276
stopped,bundle,org.eclipse.epp.mpc.ui,1.1.1.I20110907-0947,"org.eclipse.epp.mpc.ui",1321537380277
stopped,bundle,org.eclipse.epp.usagedata.ui,1.3.1.R201106061540,"org.eclipse.epp.usagedata.ui",1321537380352
stopped,bundle,org.eclipse.ui.intro.universal,3.2.500.v20110510,"org.eclipse.ui.intro.universal",1321537382680
stopped,bundle,org.eclipse.ui.intro,3.4.100.v20110425,"org.eclipse.ui.intro",1321537382988
stopped,bundle,org.eclipse.help.base,3.6.1.v201109091335,"org.eclipse.help.base",1321537383636
stopped,bundle,org.eclipse.equinox.http.jetty,2.0.100.v20110502,"org.eclipse.equinox.http.jetty",1321537383963
stopped,bundle,org.eclipse.m2e.core.ui,1.0.100.20110804-1717,"org.eclipse.m2e.core.ui",1321537384353
stopped,bundle,org.eclipse.m2e.core,1.0.100.20110804-1717,"org.eclipse.m2e.core",1321537384567
stopped,bundle,org.eclipse.mylyn.ide.ant,3.6.0.v20110608-1400,"org.eclipse.mylyn.ide.ant",1321537384707
stopped,bundle,org.eclipse.ant.ui,3.5.100.v20110510,"org.eclipse.ant.ui",1321537384741
stopped,bundle,org.eclipse.ant.launching,1.0.100.v20110506,"org.eclipse.ant.launching",1321537384804
stopped,bundle,org.eclipse.compare.win32,1.0.200.I20110510-0800,"org.eclipse.compare.win32",1321537384925
activated,perspective,org.eclipse.jdt.ui,,"org.eclipse.jdt.ui.JavaPerspective",1321544514496
started,bundle,org.eclipse.osgi,3.7.1.R37x_v20110808-1106,"org.eclipse.osgi",1321544514500
started,bundle,org.eclipse.equinox.simpleconfigurator,1.0.200.v20110502-1955,"org.eclipse.equinox.simpleconfigurator",1321544514508
started,bundle,com.ibm.icu,4.4.2.v20110208,"com.ibm.icu",1321544514512
started,bundle,org.eclipse.compare.core,3.5.200.I20110208-0800,"org.eclipse.compare.core",1321544514519
started,bundle,org.eclipse.core.contenttype,3.4.100.v20110423-0524,"org.eclipse.core.contenttype",1321544514524
started,bundle,org.eclipse.core.databinding.observable,1.4.0.I20110222-0800,"org.eclipse.core.databinding.observable",1321544514531
started,bundle,org.eclipse.core.expressions,3.4.300.v20110228,"org.eclipse.core.expressions",1321544514536
started,bundle,org.eclipse.core.filebuffers,3.5.200.v20110505-0800,"org.eclipse.core.filebuffers",1321544514540
started,bundle,org.eclipse.core.filesystem,1.3.100.v20110423-0524,"org.eclipse.core.filesystem",1321544514553
started,bundle,org.eclipse.core.jobs,3.5.100.v20110404,"org.eclipse.core.jobs",1321544514559
started,bundle,org.eclipse.core.net,1.2.100.I20110511-0800,"org.eclipse.core.net",1321544514563
started,bundle,org.eclipse.core.resources,3.7.100.v20110510-0712,"org.eclipse.core.resources",1321544514585
started,bundle,org.eclipse.core.runtime,3.7.0.v20110110,"org.eclipse.core.runtime",1321544514590
started,bundle,org.eclipse.core.runtime.compatibility,3.2.100.v20100505,"org.eclipse.core.runtime.compatibility",1321544514612
started,bundle,org.eclipse.core.runtime.compatibility.auth,3.2.200.v20110110,"org.eclipse.core.runtime.compatibility.auth",1321544514620
started,bundle,org.eclipse.core.variables,3.2.500.v20110511,"org.eclipse.core.variables",1321544514637
started,bundle,org.eclipse.debug.core,3.7.0.v20110518,"org.eclipse.debug.core",1321544514644
started,bundle,org.eclipse.epp.mpc.ui,1.1.1.I20110907-0947,"org.eclipse.epp.mpc.ui",1321544514688
started,bundle,org.eclipse.epp.usagedata.gathering,1.3.1.R201106061540,"org.eclipse.epp.usagedata.gathering",1321544514692
started,bundle,org.eclipse.epp.usagedata.recording,1.3.1.R201106061540,"org.eclipse.epp.usagedata.recording",1321544514737
started,bundle,org.eclipse.equinox.app,1.3.100.v20110321,"org.eclipse.equinox.app",1321544514742
started,bundle,org.eclipse.equinox.common,3.6.0.v20110523,"org.eclipse.equinox.common",1321544514787
started,bundle,org.eclipse.equinox.ds,1.3.1.R37x_v20110701,"org.eclipse.equinox.ds",1321544514794
started,bundle,org.eclipse.equinox.event,1.2.100.v20110502,"org.eclipse.equinox.event",1321544514802
started,bundle,org.eclipse.equinox.p2.core,2.1.0.v20110502-1955,"org.eclipse.equinox.p2.core",1321544514861
started,bundle,org.eclipse.equinox.p2.directorywatcher,1.0.300.v20110502-1955,"org.eclipse.equinox.p2.directorywatcher",1321544514869
started,bundle,org.eclipse.equinox.p2.engine,2.1.0.v20110511,"org.eclipse.equinox.p2.engine",1321544514905
started,bundle,org.eclipse.equinox.p2.metadata,2.1.0.v20110510,"org.eclipse.equinox.p2.metadata",1321544514923
started,bundle,org.eclipse.equinox.p2.metadata.repository,1.2.0.v20110511-1359,"org.eclipse.equinox.p2.metadata.repository",1321544514931
started,bundle,org.eclipse.equinox.p2.operations,2.1.0.v20110511-1821,"org.eclipse.equinox.p2.operations",1321544515020
started,bundle,org.eclipse.equinox.p2.reconciler.dropins,1.1.100.v20110510,"org.eclipse.equinox.p2.reconciler.dropins",1321544515028
started,bundle,org.eclipse.equinox.p2.repository,2.1.0.v20110601,"org.eclipse.equinox.p2.repository",1321544515097
started,bundle,org.eclipse.equinox.p2.ui.sdk.scheduler,1.0.100.v20110502-1955,"org.eclipse.equinox.p2.ui.sdk.scheduler",1321544515105
started,bundle,org.eclipse.equinox.p2.updatechecker,1.1.200.v20110502-1955,"org.eclipse.equinox.p2.updatechecker",1321544515148
started,bundle,org.eclipse.equinox.preferences,3.4.1.R37x_v20110725,"org.eclipse.equinox.preferences",1321544515162
started,bundle,org.eclipse.equinox.registry,3.5.101.R37x_v20110810-1611,"org.eclipse.equinox.registry",1321544515206
started,bundle,org.eclipse.equinox.security,1.1.1.R37x_v20110822-1018,"org.eclipse.equinox.security",1321544515382
started,bundle,org.eclipse.equinox.util,1.0.300.v20110502,"org.eclipse.equinox.util",1321544515390
started,bundle,org.eclipse.help,3.5.100.v20110426,"org.eclipse.help",1321544515395
started,bundle,org.eclipse.jdt.apt.core,3.3.500.v20110420-1015,"org.eclipse.jdt.apt.core",1321544515400
started,bundle,org.eclipse.jdt.apt.pluggable.core,1.0.400.v20110305-1450,"org.eclipse.jdt.apt.pluggable.core",1321544515405
started,bundle,org.eclipse.jdt.core,3.7.1.v_B76_R37x,"org.eclipse.jdt.core",1321544515428
started,bundle,org.eclipse.jdt.core.manipulation,1.4.0.v20110505-0800,"org.eclipse.jdt.core.manipulation",1321544515432
started,bundle,org.eclipse.jdt.launching,3.6.1.v20110803_r371,"org.eclipse.jdt.launching",1321544515436
started,bundle,org.eclipse.jdt.ui,3.7.1.r371_v20110824-0800,"org.eclipse.jdt.ui",1321544515436
started,bundle,org.eclipse.jface,3.7.0.I20110522-1430,"org.eclipse.jface",1321544515440
started,bundle,org.eclipse.ltk.core.refactoring,3.5.201.r371_v20110824-0800,"org.eclipse.ltk.core.refactoring",1321544515444
started,bundle,org.eclipse.ltk.ui.refactoring,3.6.0.v20110505-0800,"org.eclipse.ltk.ui.refactoring",1321544515463
started,bundle,org.eclipse.m2e.logback.configuration,1.0.100.20110804-1717,"org.eclipse.m2e.logback.configuration",1321544515470
